intervention_group,CVD_Rate,Adherence_Rate,Dropout_Rate,Averse_Events
control,0.33652981720107883,0.6083068624513036,0.1516332034761762,230
treatment a,0.319482083709726,0.6047425474254742,0.1475459199036435,628
treatment b,0.3336325553560742,0.6114901256732496,0.14093357271095153,597
