site,age,bmi,patient count
site a,56.36400541271989,25.87868741542625,2956
site b,62.40195678760701,25.718997146351406,2453
site c,57.31210805595755,25.800241196333815,2073
site d,63.49100599600266,25.58854097268488,1501
site e,57.064896755162245,25.51150442477876,1017
